Age,SAD
1,0.09676524
2,0.08505731
3,0.07490343
4,0.06606021
5,0.05834429
6,0.05160566
7,0.04571766
8,0.5215462
